<?xml version="1.0" encoding="UTF-8"?>
<project-private xmlns="http://www.netbeans.org/ns/project-private/1">
    <editor-bookmarks xmlns="http://www.netbeans.org/ns/editor-bookmarks/2" lastBookmarkId="0"/>
    <open-files xmlns="http://www.netbeans.org/ns/projectui-open-files/2">
        <group>
            <file>file:/C:/Users/Admin/Documents/NetBeansProjects/WebApplication09/src/java/controller/SupplierController.java</file>
            <file>file:/C:/Users/Admin/Documents/NetBeansProjects/WebApplication09/src/java/controller/UserController.java</file>
            <file>file:/C:/Users/Admin/Documents/NetBeansProjects/WebApplication09/src/java/model/UserDTO.java</file>
            <file>file:/C:/Users/Admin/Documents/NetBeansProjects/WebApplication09/src/java/controller/CategoryController.java</file>
            <file>file:/C:/Users/Admin/Documents/NetBeansProjects/WebApplication09/src/java/controller/ProductController.java</file>
            <file>file:/C:/Users/Admin/Documents/NetBeansProjects/WebApplication09/src/java/model/UserDAO.java</file>
            <file>file:/C:/Users/Admin/Documents/NetBeansProjects/WebApplication09/src/java/model/ProductDAO.java</file>
            <file>file:/C:/Users/Admin/Documents/NetBeansProjects/WebApplication09/src/java/controller/MainController.java</file>
            <file>file:/C:/Users/Admin/Documents/NetBeansProjects/WebApplication09/src/java/util/DbUtil.java</file>
            <file>file:/C:/Users/Admin/Documents/NetBeansProjects/WebApplication09/src/java/model/ProductDTO.java</file>
            <file>file:/C:/Users/Admin/Documents/NetBeansProjects/WebApplication09/src/java/util/AuthUtil.java</file>
        </group>
    </open-files>
</project-private>
